shape,family,problem,n,mode,generated_q_residual,continuum_rel_error,raw_cycle_diagnostic_rel_error,shared_circle_solve_ms,shape_pullback_ms,shape_repay_ms,standalone_shape_pde_ms,batched_problem_shape_ms,full_suite_amortized_ms,timing_scope,transport,work_model,dense_q_matrix_stored
circle,baseline,laplace_dtn,2048,7,7.044507650729922e-14,7.044507650729922e-14,0.003429691327780512,5.1466659642755985,0.45816705096513033,1.298332936130464,6.903165951371193,1.9709444022737443,1.60441076150164,circle_solve_shared_across_shapes,conformal_metric_repayment_with_endpoint_repaid_symbol,custom_fft_O_n_log_n_plus_diagonal_metric_repayment,False
circle,baseline,heat,2048,7,1.3396232341509587e-15,1.3396232341509587e-15,0.004059122214494821,5.113458959385753,0.45816705096513033,1.35004089679569,6.921666907146573,2.0212687377352268,1.6547350969631225,circle_solve_shared_across_shapes,conformal_metric_repayment_with_endpoint_repaid_symbol,custom_fft_O_n_log_n_plus_diagonal_metric_repayment,False
circle,baseline,poisson,2048,7,1.7763141866540243e-15,1.7763141866540243e-15,0.0032552083333332975,5.066291894763708,0.45816705096513033,1.2836250243708491,6.808083970099688,1.952887570951134,1.5863539301790297,circle_solve_shared_across_shapes,conformal_metric_repayment_with_endpoint_repaid_symbol,custom_fft_O_n_log_n_plus_diagonal_metric_repayment,False
circle,baseline,helmholtz,2048,7,2.4212763484389378e-15,2.4212763484389378e-15,0.009470077622541697,5.167790921404958,0.45816705096513033,1.2644999660551548,6.890457938425243,1.9379916387454919,1.5714579979733876,circle_solve_shared_across_shapes,conformal_metric_repayment_with_endpoint_repaid_symbol,custom_fft_O_n_log_n_plus_diagonal_metric_repayment,False
circle,baseline,wave,2048,7,2.26038410679779e-15,2.26038410679779e-15,0.006003256717903049,5.142082925885916,0.45816705096513033,1.3543330132961273,6.954582990147173,2.0267535195065043,1.6602198787344,circle_solve_shared_across_shapes,conformal_metric_repayment_with_endpoint_repaid_symbol,custom_fft_O_n_log_n_plus_diagonal_metric_repayment,False
golden_ellipse,closed_form_conic,laplace_dtn,2048,7,7.037243405506219e-14,7.037243405506219e-14,0.0034296913277805253,5.1466659642755985,0.6117499433457851,1.296082977205515,7.054498884826899,2.12227733572945,1.6328773810528219,circle_solve_shared_across_shapes,conformal_metric_repayment_with_endpoint_repaid_symbol,custom_fft_O_n_log_n_plus_diagonal_metric_repayment,False
golden_ellipse,closed_form_conic,heat,2048,7,1.3426772011297443e-15,1.3426772011297443e-15,0.004059122214494839,5.113458959385753,0.6117499433457851,1.3421660987660289,7.067375001497567,2.1669768320862204,1.6775768774095923,circle_solve_shared_across_shapes,conformal_metric_repayment_with_endpoint_repaid_symbol,custom_fft_O_n_log_n_plus_diagonal_metric_repayment,False
golden_ellipse,closed_form_conic,poisson,2048,7,1.811637522547218e-15,1.811637522547218e-15,0.003255208333333318,5.066291894763708,0.6117499433457851,1.2791251065209508,6.957166944630444,2.1019705454818904,1.6125705908052623,circle_solve_shared_across_shapes,conformal_metric_repayment_with_endpoint_repaid_symbol,custom_fft_O_n_log_n_plus_diagonal_metric_repayment,False
golden_ellipse,closed_form_conic,helmholtz,2048,7,2.395127498128812e-15,2.395127498128812e-15,0.009470077622541736,5.167790921404958,0.6117499433457851,1.2590420665219426,7.0385829312726855,2.0861166315929345,1.5967166769163064,circle_solve_shared_across_shapes,conformal_metric_repayment_with_endpoint_repaid_symbol,custom_fft_O_n_log_n_plus_diagonal_metric_repayment,False
golden_ellipse,closed_form_conic,wave,2048,7,2.2786457244261522e-15,2.2786457244261522e-15,0.006003256717903072,5.142082925885916,0.6117499433457851,1.3349578948691487,7.08879076410085,2.1609612934601805,1.6715613387835524,circle_solve_shared_across_shapes,conformal_metric_repayment_with_endpoint_repaid_symbol,custom_fft_O_n_log_n_plus_diagonal_metric_repayment,False
eccentric_ellipse,closed_form_conic,laplace_dtn,2048,7,7.01209966856507e-14,7.01209966856507e-14,0.003429691327780562,5.1466659642755985,0.6295839557424188,1.278041978366673,7.05429189838469,2.1220703492872417,1.6184031846933067,circle_solve_shared_across_shapes,conformal_metric_repayment_with_endpoint_repaid_symbol,custom_fft_O_n_log_n_plus_diagonal_metric_repayment,False
eccentric_ellipse,closed_form_conic,heat,2048,7,1.3522257387763324e-15,1.3522257387763324e-15,0.0040591222144948985,5.113458959385753,0.6295839557424188,1.3205839786678553,7.063626893796027,2.1632287243846804,1.6595615597907454,circle_solve_shared_across_shapes,conformal_metric_repayment_with_endpoint_repaid_symbol,custom_fft_O_n_log_n_plus_diagonal_metric_repayment,False
eccentric_ellipse,closed_form_conic,poisson,2048,7,1.8970017177608088e-15,1.8970017177608088e-15,0.003255208333333402,5.066291894763708,0.6295839557424188,1.2755419593304396,6.9714178098365664,2.116221410688013,1.6125542460940778,circle_solve_shared_across_shapes,conformal_metric_repayment_with_endpoint_repaid_symbol,custom_fft_O_n_log_n_plus_diagonal_metric_repayment,False
eccentric_ellipse,closed_form_conic,helmholtz,2048,7,2.3336768342996077e-15,2.3336768342996077e-15,0.009470077622541682,5.167790921404958,0.6295839557424188,1.253084046766162,7.0504589239135385,2.0979926242337874,1.5943254596398524,circle_solve_shared_across_shapes,conformal_metric_repayment_with_endpoint_repaid_symbol,custom_fft_O_n_log_n_plus_diagonal_metric_repayment,False
eccentric_ellipse,closed_form_conic,wave,2048,7,2.316417271273831e-15,2.316417271273831e-15,0.006003256717903155,5.142082925885916,0.6295839557424188,1.3238330138847232,7.095499895513058,2.1676704248723886,1.6640032602784536,circle_solve_shared_across_shapes,conformal_metric_repayment_with_endpoint_repaid_symbol,custom_fft_O_n_log_n_plus_diagonal_metric_repayment,False
three_petal,smooth_nonconvex,laplace_dtn,2048,7,6.731632469494493e-14,6.731632469494493e-14,0.003429691327780599,5.1466659642755985,0.6239160429686308,1.3025410007685423,7.073123008012772,2.140901458915323,1.6417686245404184,circle_solve_shared_across_shapes,conformal_metric_repayment_with_endpoint_repaid_symbol,custom_fft_O_n_log_n_plus_diagonal_metric_repayment,False
three_petal,smooth_nonconvex,heat,2048,7,1.273483115517674e-15,1.273483115517674e-15,0.004059122214494928,5.113458959385753,0.6239160429686308,1.3357079587876797,7.073082961142063,2.172684791730717,1.6735519573558122,circle_solve_shared_across_shapes,conformal_metric_repayment_with_endpoint_repaid_symbol,custom_fft_O_n_log_n_plus_diagonal_metric_repayment,False
three_petal,smooth_nonconvex,poisson,2048,7,1.840690871312172e-15,1.840690871312172e-15,0.0032552083333334714,5.066291894763708,0.6239160429686308,1.2935830745846033,6.983791012316942,2.1285946131683886,1.629461778793484,circle_solve_shared_across_shapes,conformal_metric_repayment_with_endpoint_repaid_symbol,custom_fft_O_n_log_n_plus_diagonal_metric_repayment,False
three_petal,smooth_nonconvex,helmholtz,2048,7,2.270885861285552e-15,2.270885861285552e-15,0.009470077622542516,5.167790921404958,0.6239160429686308,1.2790419859811664,7.070748950354755,2.118282650675004,1.6191498163000992,circle_solve_shared_across_shapes,conformal_metric_repayment_with_endpoint_repaid_symbol,custom_fft_O_n_log_n_plus_diagonal_metric_repayment,False
three_petal,smooth_nonconvex,wave,2048,7,2.2320469436394143e-15,2.2320469436394143e-15,0.006003256717903216,5.142082925885916,0.6239160429686308,1.3404169585555792,7.106415927410126,2.1785864567694566,1.679453622394552,circle_solve_shared_across_shapes,conformal_metric_repayment_with_endpoint_repaid_symbol,custom_fft_O_n_log_n_plus_diagonal_metric_repayment,False
four_lobed_wiggle,smooth_multiscale,laplace_dtn,2048,7,6.832401951780738e-14,6.832401951780738e-14,0.003429691327780578,5.1466659642755985,0.7899170741438866,1.2830420164391398,7.219625054858625,2.2874035057611763,1.655469846446067,circle_solve_shared_across_shapes,conformal_metric_repayment_with_endpoint_repaid_symbol,custom_fft_O_n_log_n_plus_diagonal_metric_repayment,False
four_lobed_wiggle,smooth_multiscale,heat,2048,7,1.3391331409960082e-15,1.3391331409960082e-15,0.004059122214494913,5.113458959385753,0.7899170741438866,1.3259579427540302,7.2293339762836695,2.328935806872323,1.697002147557214,circle_solve_shared_across_shapes,conformal_metric_repayment_with_endpoint_repaid_symbol,custom_fft_O_n_log_n_plus_diagonal_metric_repayment,False
four_lobed_wiggle,smooth_multiscale,poisson,2048,7,1.8383102850797038e-15,1.8383102850797038e-15,0.0032552083333334484,5.066291894763708,0.7899170741438866,1.2849579798057675,7.141166948713362,2.2859705495648086,1.6540368902496994,circle_solve_shared_across_shapes,conformal_metric_repayment_with_endpoint_repaid_symbol,custom_fft_O_n_log_n_plus_diagonal_metric_repayment,False
four_lobed_wiggle,smooth_multiscale,helmholtz,2048,7,2.461218746425819e-15,2.461218746425819e-15,0.00947007762254124,5.167790921404958,0.7899170741438866,1.2811659835278988,7.238873979076743,2.2864076793969916,1.6544740200818828,circle_solve_shared_across_shapes,conformal_metric_repayment_with_endpoint_repaid_symbol,custom_fft_O_n_log_n_plus_diagonal_metric_repayment,False
four_lobed_wiggle,smooth_multiscale,wave,2048,7,2.2297532160664818e-15,2.2297532160664818e-15,0.006003256717903169,5.142082925885916,0.7899170741438866,1.387750031426549,7.319750031456351,2.3919205608156817,1.759986901500573,circle_solve_shared_across_shapes,conformal_metric_repayment_with_endpoint_repaid_symbol,custom_fft_O_n_log_n_plus_diagonal_metric_repayment,False
asymmetric_limacon,asymmetric,laplace_dtn,2048,7,6.948726395217181e-14,6.948726395217181e-14,0.0034296913277805673,5.1466659642755985,0.7802919717505574,1.3054159935563803,7.232373929582536,2.3001523804850876,1.6759188030846417,circle_solve_shared_across_shapes,conformal_metric_repayment_with_endpoint_repaid_symbol,custom_fft_O_n_log_n_plus_diagonal_metric_repayment,False
asymmetric_limacon,asymmetric,heat,2048,7,1.3335215011184045e-15,1.3335215011184045e-15,0.004059122214494894,5.113458959385753,0.7802919717505574,1.3319579884409904,7.2257089195773005,2.3253107501659542,1.7010771727655083,circle_solve_shared_across_shapes,conformal_metric_repayment_with_endpoint_repaid_symbol,custom_fft_O_n_log_n_plus_diagonal_metric_repayment,False
asymmetric_limacon,asymmetric,poisson,2048,7,1.869453605385489e-15,1.869453605385489e-15,0.003255208333333431,5.066291894763708,0.7802919717505574,1.2855000095441937,7.132083876058459,2.2768874769099057,1.6526538995094597,circle_solve_shared_across_shapes,conformal_metric_repayment_with_endpoint_repaid_symbol,custom_fft_O_n_log_n_plus_diagonal_metric_repayment,False
asymmetric_limacon,asymmetric,helmholtz,2048,7,2.3341744917664988e-15,2.3341744917664988e-15,0.009470077622542098,5.167790921404958,0.7802919717505574,1.261417055502534,7.209499948658049,2.257033648978298,1.6328000715778521,circle_solve_shared_across_shapes,conformal_metric_repayment_with_endpoint_repaid_symbol,custom_fft_O_n_log_n_plus_diagonal_metric_repayment,False
asymmetric_limacon,asymmetric,wave,2048,7,2.2781146374292757e-15,2.2781146374292757e-15,0.00600325671790316,5.142082925885916,0.7802919717505574,1.3267919421195984,7.249166839756072,2.3213373691154024,1.6971037917149565,circle_solve_shared_across_shapes,conformal_metric_repayment_with_endpoint_repaid_symbol,custom_fft_O_n_log_n_plus_diagonal_metric_repayment,False
crescent_teardrop,near_cusp_smooth,laplace_dtn,2048,7,7.005254944012202e-14,7.005254944012202e-14,0.0034296913277804967,5.1466659642755985,0.7702090078964829,1.287125051021576,7.204000023193657,2.271778474096209,1.6556112677790225,circle_solve_shared_across_shapes,conformal_metric_repayment_with_endpoint_repaid_symbol,custom_fft_O_n_log_n_plus_diagonal_metric_repayment,False
crescent_teardrop,near_cusp_smooth,heat,2048,7,1.3181081270894655e-15,1.3181081270894655e-15,0.004059122214494806,5.113458959385753,0.7702090078964829,1.331375096924603,7.215043064206839,2.3146448947954923,1.698477688478306,circle_solve_shared_across_shapes,conformal_metric_repayment_with_endpoint_repaid_symbol,custom_fft_O_n_log_n_plus_diagonal_metric_repayment,False
crescent_teardrop,near_cusp_smooth,poisson,2048,7,1.7538715041950356e-15,1.7538715041950356e-15,0.0032552083333332272,5.066291894763708,0.7702090078964829,1.277957926504314,7.114458829164505,2.2592624300159514,1.643095223698765,circle_solve_shared_across_shapes,conformal_metric_repayment_with_endpoint_repaid_symbol,custom_fft_O_n_log_n_plus_diagonal_metric_repayment,False
crescent_teardrop,near_cusp_smooth,helmholtz,2048,7,2.4426863171900547e-15,2.4426863171900547e-15,0.009470077622541274,5.167790921404958,0.7702090078964829,1.2554579880088568,7.1934579173102975,2.2409916176305464,1.62482441131336,circle_solve_shared_across_shapes,conformal_metric_repayment_with_endpoint_repaid_symbol,custom_fft_O_n_log_n_plus_diagonal_metric_repayment,False
crescent_teardrop,near_cusp_smooth,wave,2048,7,2.2618730334549477e-15,2.2618730334549477e-15,0.006003256717903022,5.142082925885916,0.7702090078964829,1.3141670497134328,7.2264589834958315,2.2986295128551624,1.682462306537976,circle_solve_shared_across_shapes,conformal_metric_repayment_with_endpoint_repaid_symbol,custom_fft_O_n_log_n_plus_diagonal_metric_repayment,False
peanut,pinched_smooth,laplace_dtn,2048,7,7.360941183315811e-14,7.360941183315811e-14,0.0034296913277805157,5.1466659642755985,0.7680840790271759,1.3174159685149789,7.232166011817753,2.2999444627203047,1.685477199498564,circle_solve_shared_across_shapes,conformal_metric_repayment_with_endpoint_repaid_symbol,custom_fft_O_n_log_n_plus_diagonal_metric_repayment,False
peanut,pinched_smooth,heat,2048,7,1.431342283348973e-15,1.431342283348973e-15,0.004059122214494832,5.113458959385753,0.7680840790271759,1.336375018581748,7.217918056994677,2.3175198875833303,1.7030526243615896,circle_solve_shared_across_shapes,conformal_metric_repayment_with_endpoint_repaid_symbol,custom_fft_O_n_log_n_plus_diagonal_metric_repayment,False
peanut,pinched_smooth,poisson,2048,7,1.8279348199013833e-15,1.8279348199013833e-15,0.003255208333333311,5.066291894763708,0.7680840790271759,1.2757920194417238,7.110167993232608,2.2549715940840542,1.6405043308623135,circle_solve_shared_across_shapes,conformal_metric_repayment_with_endpoint_repaid_symbol,custom_fft_O_n_log_n_plus_diagonal_metric_repayment,False
peanut,pinched_smooth,helmholtz,2048,7,2.5764820896434294e-15,2.5764820896434294e-15,0.009470077622541392,5.167790921404958,0.7680840790271759,1.282791025005281,7.218666025437415,2.2661997257576636,1.6517324625359229,circle_solve_shared_across_shapes,conformal_metric_repayment_with_endpoint_repaid_symbol,custom_fft_O_n_log_n_plus_diagonal_metric_repayment,False
peanut,pinched_smooth,wave,2048,7,2.333894660315974e-15,2.333894660315974e-15,0.006003256717903052,5.142082925885916,0.7680840790271759,1.3475000159814954,7.257667020894587,2.329837550253918,1.7153702870321772,circle_solve_shared_across_shapes,conformal_metric_repayment_with_endpoint_repaid_symbol,custom_fft_O_n_log_n_plus_diagonal_metric_repayment,False
high_frequency_gear,smooth_high_frequency,laplace_dtn,2048,7,7.018197845269268e-14,7.018197845269268e-14,0.003429691327780601,5.1466659642755985,0.7819170132279396,1.294833025895059,7.223416003398597,2.2911944543011487,1.665660843718797,circle_solve_shared_across_shapes,conformal_metric_repayment_with_endpoint_repaid_symbol,custom_fft_O_n_log_n_plus_diagonal_metric_repayment,False
high_frequency_gear,smooth_high_frequency,heat,2048,7,1.3352568994030377e-15,1.3352568994030377e-15,0.004059122214494943,5.113458959385753,0.7819170132279396,1.33816699963063,7.233542972244322,2.333144802832976,1.7076111922506243,circle_solve_shared_across_shapes,conformal_metric_repayment_with_endpoint_repaid_symbol,custom_fft_O_n_log_n_plus_diagonal_metric_repayment,False
high_frequency_gear,smooth_high_frequency,poisson,2048,7,1.8327095945350783e-15,1.8327095945350783e-15,0.003255208333333476,5.066291894763708,0.7819170132279396,1.262541045434773,7.110749953426421,2.255553554277867,1.6300199436955154,circle_solve_shared_across_shapes,conformal_metric_repayment_with_endpoint_repaid_symbol,custom_fft_O_n_log_n_plus_diagonal_metric_repayment,False
high_frequency_gear,smooth_high_frequency,helmholtz,2048,7,2.4249714465933284e-15,2.4249714465933284e-15,0.00947007762254124,5.167790921404958,0.7819170132279396,1.270791981369257,7.220499916002154,2.2680336163224033,1.6425000057400516,circle_solve_shared_across_shapes,conformal_metric_repayment_with_endpoint_repaid_symbol,custom_fft_O_n_log_n_plus_diagonal_metric_repayment,False
high_frequency_gear,smooth_high_frequency,wave,2048,7,2.327429777953731e-15,2.327429777953731e-15,0.006003256717903226,5.142082925885916,0.7819170132279396,1.341416034847498,7.265415973961353,2.337586503320684,1.7120528927383325,circle_solve_shared_across_shapes,conformal_metric_repayment_with_endpoint_repaid_symbol,custom_fft_O_n_log_n_plus_diagonal_metric_repayment,False
rotated_mixed,complex_coefficients,laplace_dtn,2048,7,6.859149088516244e-14,6.859149088516244e-14,0.0034296913277805097,5.1466659642755985,0.9380419505760074,1.2823749566450715,7.367082871496677,2.434861322399229,1.684427761938423,circle_solve_shared_across_shapes,conformal_metric_repayment_with_endpoint_repaid_symbol,custom_fft_O_n_log_n_plus_diagonal_metric_repayment,False
rotated_mixed,complex_coefficients,heat,2048,7,1.2892712000576724e-15,1.2892712000576724e-15,0.00405912221449482,5.113458959385753,0.9380419505760074,1.3310830108821392,7.382583920843899,2.482185751432553,1.731752190971747,circle_solve_shared_across_shapes,conformal_metric_repayment_with_endpoint_repaid_symbol,custom_fft_O_n_log_n_plus_diagonal_metric_repayment,False
rotated_mixed,complex_coefficients,poisson,2048,7,1.752135892920113e-15,1.752135892920113e-15,0.0032552083333333044,5.066291894763708,0.9380419505760074,1.2892080703750253,7.293541915714741,2.438345516566187,1.6879119561053813,circle_solve_shared_across_shapes,conformal_metric_repayment_with_endpoint_repaid_symbol,custom_fft_O_n_log_n_plus_diagonal_metric_repayment,False
rotated_mixed,complex_coefficients,helmholtz,2048,7,2.422234709186515e-15,2.422234709186515e-15,0.009470077622541827,5.167790921404958,0.9380419505760074,1.2550409883260727,7.360873860307038,2.4084075606272863,1.6579740001664809,circle_solve_shared_across_shapes,conformal_metric_repayment_with_endpoint_repaid_symbol,custom_fft_O_n_log_n_plus_diagonal_metric_repayment,False
rotated_mixed,complex_coefficients,wave,2048,7,2.202058851086257e-15,2.202058851086257e-15,0.006003256717903052,5.142082925885916,0.9380419505760074,1.3222909765318036,7.402415852993727,2.474586382353057,1.7241528218922517,circle_solve_shared_across_shapes,conformal_metric_repayment_with_endpoint_repaid_symbol,custom_fft_O_n_log_n_plus_diagonal_metric_repayment,False
rounded_square_polygon_surrogate,smoothed_polygon,laplace_dtn,2048,7,7.261326328461909e-14,7.261326328461909e-14,0.0034296913277805994,5.1466659642755985,0.7830000249668956,1.2984999921172857,7.22816598135978,2.2959444322623312,1.6695444122888148,circle_solve_shared_across_shapes,conformal_metric_repayment_with_endpoint_repaid_symbol,custom_fft_O_n_log_n_plus_diagonal_metric_repayment,False
rounded_square_polygon_surrogate,smoothed_polygon,heat,2048,7,1.4550399442562662e-15,1.4550399442562662e-15,0.004059122214494951,5.113458959385753,0.7830000249668956,1.356000080704689,7.252459065057337,2.352060895645991,1.7256608756724745,circle_solve_shared_across_shapes,conformal_metric_repayment_with_endpoint_repaid_symbol,custom_fft_O_n_log_n_plus_diagonal_metric_repayment,False
rounded_square_polygon_surrogate,smoothed_polygon,poisson,2048,7,1.94236303233863e-15,1.94236303233863e-15,0.0032552083333334974,5.066291894763708,0.7830000249668956,1.2860000133514404,7.135291933082044,2.2800955339334905,1.653695513959974,circle_solve_shared_across_shapes,conformal_metric_repayment_with_endpoint_repaid_symbol,custom_fft_O_n_log_n_plus_diagonal_metric_repayment,False
rounded_square_polygon_surrogate,smoothed_polygon,helmholtz,2048,7,2.6088013699553346e-15,2.6088013699553346e-15,0.009470077622541298,5.167790921404958,0.7830000249668956,1.2714999029412866,7.22229084931314,2.269824549633389,1.6434245296598724,circle_solve_shared_across_shapes,conformal_metric_repayment_with_endpoint_repaid_symbol,custom_fft_O_n_log_n_plus_diagonal_metric_repayment,False
rounded_square_polygon_surrogate,smoothed_polygon,wave,2048,7,2.352167189014143e-15,2.352167189014143e-15,0.006003256717903208,5.142082925885916,0.7830000249668956,1.3648750027641654,7.289957953616977,2.3621284829763076,1.7357284630027912,circle_solve_shared_across_shapes,conformal_metric_repayment_with_endpoint_repaid_symbol,custom_fft_O_n_log_n_plus_diagonal_metric_repayment,False
rounded_triangle_polygon_surrogate,smoothed_polygon,laplace_dtn,2048,7,6.944587533870652e-14,6.944587533870652e-14,0.003429691327780525,5.1466659642755985,0.7751249941065907,1.2822500430047512,7.2040410013869405,2.271819452289492,1.6517194570042193,circle_solve_shared_across_shapes,conformal_metric_repayment_with_endpoint_repaid_symbol,custom_fft_O_n_log_n_plus_diagonal_metric_repayment,False
rounded_triangle_polygon_surrogate,smoothed_polygon,heat,2048,7,1.3150594332110388e-15,1.3150594332110388e-15,0.004059122214494831,5.113458959385753,0.7751249941065907,1.3547909911721945,7.243374944664538,2.3429767752531916,1.722876779967919,circle_solve_shared_across_shapes,conformal_metric_repayment_with_endpoint_repaid_symbol,custom_fft_O_n_log_n_plus_diagonal_metric_repayment,False
rounded_triangle_polygon_surrogate,smoothed_polygon,poisson,2048,7,1.800463870826738e-15,1.800463870826738e-15,0.0032552083333332992,5.066291894763708,0.7751249941065907,1.3064999366179109,7.14791682548821,2.292720426339656,1.6726204310543835,circle_solve_shared_across_shapes,conformal_metric_repayment_with_endpoint_repaid_symbol,custom_fft_O_n_log_n_plus_diagonal_metric_repayment,False
rounded_triangle_polygon_surrogate,smoothed_polygon,helmholtz,2048,7,2.3656953977985967e-15,2.3656953977985967e-15,0.009470077622542273,5.167790921404958,0.7751249941065907,1.2837080284953117,7.22662394400686,2.274157644327109,1.6540576490418366,circle_solve_shared_across_shapes,conformal_metric_repayment_with_endpoint_repaid_symbol,custom_fft_O_n_log_n_plus_diagonal_metric_repayment,False
rounded_triangle_polygon_surrogate,smoothed_polygon,wave,2048,7,2.2526136715884616e-15,2.2526136715884616e-15,0.006003256717903072,5.142082925885916,0.7751249941065907,1.3434169813990593,7.260624901391566,2.3327954307508967,1.712695435465624,circle_solve_shared_across_shapes,conformal_metric_repayment_with_endpoint_repaid_symbol,custom_fft_O_n_log_n_plus_diagonal_metric_repayment,False
five_point_star_smooth,smoothed_star_polygon,laplace_dtn,2048,7,7.122178364689703e-14,7.122178364689703e-14,0.003429691327780604,5.1466659642755985,0.8022499969229102,1.309791929088533,7.258707890287042,2.326486341189593,1.684686343651265,circle_solve_shared_across_shapes,conformal_metric_repayment_with_endpoint_repaid_symbol,custom_fft_O_n_log_n_plus_diagonal_metric_repayment,False
five_point_star_smooth,smoothed_star_polygon,heat,2048,7,1.3500628962863647e-15,1.3500628962863647e-15,0.00405912221449504,5.113458959385753,0.8022499969229102,1.3140420196577907,7.2297509759664536,2.3293528065551072,1.687552809016779,circle_solve_shared_across_shapes,conformal_metric_repayment_with_endpoint_repaid_symbol,custom_fft_O_n_log_n_plus_diagonal_metric_repayment,False
five_point_star_smooth,smoothed_star_polygon,poisson,2048,7,1.897733785088759e-15,1.897733785088759e-15,0.0032552083333336015,5.066291894763708,0.8022499969229102,1.296458998695016,7.165000890381634,2.3098044912330806,1.6680044936947525,circle_solve_shared_across_shapes,conformal_metric_repayment_with_endpoint_repaid_symbol,custom_fft_O_n_log_n_plus_diagonal_metric_repayment,False
five_point_star_smooth,smoothed_star_polygon,helmholtz,2048,7,2.4408556756358546e-15,2.4408556756358546e-15,0.009470077622540981,5.167790921404958,0.8022499969229102,2.5710840709507465,8.541124989278615,3.588658689598863,2.9468586920605353,circle_solve_shared_across_shapes,conformal_metric_repayment_with_endpoint_repaid_symbol,custom_fft_O_n_log_n_plus_diagonal_metric_repayment,False
five_point_star_smooth,smoothed_star_polygon,wave,2048,7,2.400216369889884e-15,2.400216369889884e-15,0.006003256717903343,5.142082925885916,0.8022499969229102,1.3715410605072975,7.3158739833161235,2.388044512675454,1.7462445151371262,circle_solve_shared_across_shapes,conformal_metric_repayment_with_endpoint_repaid_symbol,custom_fft_O_n_log_n_plus_diagonal_metric_repayment,False
seven_point_star_smooth,smoothed_star_polygon,laplace_dtn,2048,7,4.3176265999143634e-14,4.3176265999143634e-14,0.0034296913277805756,5.1466659642755985,0.738375005312264,1.2654999736696482,7.150540943257511,2.218319394160062,1.627619389910251,circle_solve_shared_across_shapes,conformal_metric_repayment_with_endpoint_repaid_symbol,custom_fft_O_n_log_n_plus_diagonal_metric_repayment,False
seven_point_star_smooth,smoothed_star_polygon,heat,2048,7,8.674972971102104e-16,8.674972971102104e-16,0.0040591222144948915,5.113458959385753,0.738375005312264,1.309499959461391,7.161333924159408,2.2609357547480613,1.6702357504982501,circle_solve_shared_across_shapes,conformal_metric_repayment_with_endpoint_repaid_symbol,custom_fft_O_n_log_n_plus_diagonal_metric_repayment,False
seven_point_star_smooth,smoothed_star_polygon,poisson,2048,7,1.3464458059638782e-15,1.3464458059638782e-15,0.0032552083333338808,5.066291894763708,0.738375005312264,1.2364169815555215,7.041083881631494,2.18588748248294,1.5951874782331288,circle_solve_shared_across_shapes,conformal_metric_repayment_with_endpoint_repaid_symbol,custom_fft_O_n_log_n_plus_diagonal_metric_repayment,False
seven_point_star_smooth,smoothed_star_polygon,helmholtz,2048,7,1.5497370800351167e-15,1.5497370800351167e-15,0.009470077622541618,5.167790921404958,0.738375005312264,1.2474999530240893,7.153665879741311,2.20119958006156,1.6104995758117489,circle_solve_shared_across_shapes,conformal_metric_repayment_with_endpoint_repaid_symbol,custom_fft_O_n_log_n_plus_diagonal_metric_repayment,False
seven_point_star_smooth,smoothed_star_polygon,wave,2048,7,1.4483241523843456e-15,1.4483241523843456e-15,0.006003256717903134,5.142082925885916,0.738375005312264,1.3124579563736916,7.192915887571871,2.265086416931202,1.674386412681391,circle_solve_shared_across_shapes,conformal_metric_repayment_with_endpoint_repaid_symbol,custom_fft_O_n_log_n_plus_diagonal_metric_repayment,False
stealth_double_concave_planform,double_concave_polygon_surrogate,laplace_dtn,2048,7,7.509544239600318e-14,7.509544239600318e-14,0.0034296913277805335,5.1466659642755985,1.115916995331645,1.337875030003488,7.600457989610732,2.668236440513283,1.775502844247967,circle_solve_shared_across_shapes,conformal_metric_repayment_with_endpoint_repaid_symbol,custom_fft_O_n_log_n_plus_diagonal_metric_repayment,False
stealth_double_concave_planform,double_concave_polygon_surrogate,heat,2048,7,1.458202312945165e-15,1.458202312945165e-15,0.0040591222144948265,5.113458959385753,1.115916995331645,1.3393339468166232,7.568709901534021,2.6683117321226746,1.7755781358573586,circle_solve_shared_across_shapes,conformal_metric_repayment_with_endpoint_repaid_symbol,custom_fft_O_n_log_n_plus_diagonal_metric_repayment,False
stealth_double_concave_planform,double_concave_polygon_surrogate,poisson,2048,7,1.8232937526783265e-15,1.8232937526783265e-15,0.0032552083333330095,5.066291894763708,1.115916995331645,1.3181669637560844,7.500375853851438,2.645179454702884,1.752445858437568,circle_solve_shared_across_shapes,conformal_metric_repayment_with_endpoint_repaid_symbol,custom_fft_O_n_log_n_plus_diagonal_metric_repayment,False
stealth_double_concave_planform,double_concave_polygon_surrogate,helmholtz,2048,7,2.5462190349184676e-15,2.5462190349184676e-15,0.009470077622540771,5.167790921404958,1.115916995331645,1.286999904550612,7.570707821287215,2.6182415216074633,1.7255079253421477,circle_solve_shared_across_shapes,conformal_metric_repayment_with_endpoint_repaid_symbol,custom_fft_O_n_log_n_plus_diagonal_metric_repayment,False
stealth_double_concave_planform,double_concave_polygon_surrogate,wave,2048,7,2.3609109047014372e-15,2.3609109047014372e-15,0.0060032567179030384,5.142082925885916,1.115916995331645,1.355874934233725,7.613874855451286,2.6860453848106163,1.7933117885453007,circle_solve_shared_across_shapes,conformal_metric_repayment_with_endpoint_repaid_symbol,custom_fft_O_n_log_n_plus_diagonal_metric_repayment,False
kite_aircraft_planform,aircraft_polygon_surrogate,laplace_dtn,2048,7,8.055549333990869e-14,8.055549333990869e-14,0.0034296913277806138,5.1466659642755985,0.9604999795556068,1.2884159805253148,7.39558192435652,2.4633603752590716,1.6949603916145861,circle_solve_shared_across_shapes,conformal_metric_repayment_with_endpoint_repaid_symbol,custom_fft_O_n_log_n_plus_diagonal_metric_repayment,False
kite_aircraft_planform,aircraft_polygon_surrogate,heat,2048,7,1.4589806824850964e-15,1.4589806824850964e-15,0.004059122214494943,5.113458959385753,0.9604999795556068,1.3489159755408764,7.422874914482236,2.5224767450708896,1.7540767614264041,circle_solve_shared_across_shapes,conformal_metric_repayment_with_endpoint_repaid_symbol,custom_fft_O_n_log_n_plus_diagonal_metric_repayment,False
kite_aircraft_planform,aircraft_polygon_surrogate,poisson,2048,7,2.007385522297748e-15,2.007385522297748e-15,0.003255208333333512,5.066291894763708,0.9604999795556068,1.293207984417677,7.319999858736992,2.4648034595884383,1.6964034759439528,circle_solve_shared_across_shapes,conformal_metric_repayment_with_endpoint_repaid_symbol,custom_fft_O_n_log_n_plus_diagonal_metric_repayment,False
kite_aircraft_planform,aircraft_polygon_surrogate,helmholtz,2048,7,2.417617220866181e-15,2.417617220866181e-15,0.009470077622542313,5.167790921404958,0.9604999795556068,1.2899580178782344,7.418248918838799,2.4657826191590475,1.6973826355145625,circle_solve_shared_across_shapes,conformal_metric_repayment_with_endpoint_repaid_symbol,custom_fft_O_n_log_n_plus_diagonal_metric_repayment,False
kite_aircraft_planform,aircraft_polygon_surrogate,wave,2048,7,2.7214673448359872e-15,2.7214673448359872e-15,0.006003256717903227,5.142082925885916,0.9604999795556068,1.3382500037550926,7.440832909196615,2.5130034385559457,1.7446034549114606,circle_solve_shared_across_shapes,conformal_metric_repayment_with_endpoint_repaid_symbol,custom_fft_O_n_log_n_plus_diagonal_metric_repayment,False
naca_like_airfoil_smooth,airfoil_smooth,laplace_dtn,2048,7,6.949216467352426e-14,6.949216467352426e-14,0.003429691327780513,5.1466659642755985,0.9597499156370759,1.2854589149355888,7.391874794848263,2.4596532457508147,1.691853313241154,circle_solve_shared_across_shapes,conformal_metric_repayment_with_endpoint_repaid_symbol,custom_fft_O_n_log_n_plus_diagonal_metric_repayment,False
naca_like_airfoil_smooth,airfoil_smooth,heat,2048,7,1.3139671167403534e-15,1.3139671167403534e-15,0.004059122214494833,5.113458959385753,0.9597499156370759,1.350124948658049,7.423333823680878,2.5229356542695314,1.7551357217598706,circle_solve_shared_across_shapes,conformal_metric_repayment_with_endpoint_repaid_symbol,custom_fft_O_n_log_n_plus_diagonal_metric_repayment,False
naca_like_airfoil_smooth,airfoil_smooth,poisson,2048,7,1.8036299230126607e-15,1.8036299230126607e-15,0.0032552083333332957,5.066291894763708,0.9597499156370759,1.2919160071760416,7.317957817576826,2.462761418428272,1.6949614859186113,circle_solve_shared_across_shapes,conformal_metric_repayment_with_endpoint_repaid_symbol,custom_fft_O_n_log_n_plus_diagonal_metric_repayment,False
naca_like_airfoil_smooth,airfoil_smooth,helmholtz,2048,7,2.3855849266038756e-15,2.3855849266038756e-15,0.009470077622541874,5.167790921404958,0.9597499156370759,1.2698749778792262,7.39741581492126,2.4449495152415084,1.677149582731848,circle_solve_shared_across_shapes,conformal_metric_repayment_with_endpoint_repaid_symbol,custom_fft_O_n_log_n_plus_diagonal_metric_repayment,False
naca_like_airfoil_smooth,airfoil_smooth,wave,2048,7,2.260569312484593e-15,2.260569312484593e-15,0.0060032567179030645,5.142082925885916,0.9597499156370759,1.3353750109672546,7.437207852490246,2.5093783818495767,1.7415784493399165,circle_solve_shared_across_shapes,conformal_metric_repayment_with_endpoint_repaid_symbol,custom_fft_O_n_log_n_plus_diagonal_metric_repayment,False
joukowski_soft_airfoil,airfoil_joukowski_surrogate,laplace_dtn,2048,7,6.966428201481988e-14,6.966428201481988e-14,0.003429691327780548,5.1466659642755985,0.9630830027163029,1.3075829483568668,7.417331915348768,2.4851103662513196,1.7146439640782773,circle_solve_shared_across_shapes,conformal_metric_repayment_with_endpoint_repaid_symbol,custom_fft_O_n_log_n_plus_diagonal_metric_repayment,False
joukowski_soft_airfoil,airfoil_joukowski_surrogate,heat,2048,7,1.3366411502640408e-15,1.3366411502640408e-15,0.004059122214494873,5.113458959385753,0.9630830027163029,1.3242920394986868,7.400834001600742,2.500435832189396,1.7299694300163537,circle_solve_shared_across_shapes,conformal_metric_repayment_with_endpoint_repaid_symbol,custom_fft_O_n_log_n_plus_diagonal_metric_repayment,False
joukowski_soft_airfoil,airfoil_joukowski_surrogate,poisson,2048,7,1.837736343527447e-15,1.837736343527447e-15,0.003255208333333409,5.066291894763708,0.9630830027163029,1.296958071179688,7.326332968659699,2.4711365695111454,1.700670167338103,circle_solve_shared_across_shapes,conformal_metric_repayment_with_endpoint_repaid_symbol,custom_fft_O_n_log_n_plus_diagonal_metric_repayment,False
joukowski_soft_airfoil,airfoil_joukowski_surrogate,helmholtz,2048,7,2.3454717718792516e-15,2.3454717718792516e-15,0.009470077622541736,5.167790921404958,0.9630830027163029,1.2637500185519457,7.394623942673206,2.442157642993455,1.671691240820413,circle_solve_shared_across_shapes,conformal_metric_repayment_with_endpoint_repaid_symbol,custom_fft_O_n_log_n_plus_diagonal_metric_repayment,False
joukowski_soft_airfoil,airfoil_joukowski_surrogate,wave,2048,7,2.2779274709659215e-15,2.2779274709659215e-15,0.006003256717903123,5.142082925885916,0.9630830027163029,1.3494589366018772,7.454624865204096,2.5267953945634263,1.7563289923903844,circle_solve_shared_across_shapes,conformal_metric_repayment_with_endpoint_repaid_symbol,custom_fft_O_n_log_n_plus_diagonal_metric_repayment,False
thin_cambered_airfoil,airfoil_cambered,laplace_dtn,2048,7,6.962500433403546e-14,6.962500433403546e-14,0.0034296913277805196,5.1466659642755985,1.123041962273419,1.2793330242857337,7.549040950834751,2.6168194017373025,1.7183858319185674,circle_solve_shared_across_shapes,conformal_metric_repayment_with_endpoint_repaid_symbol,custom_fft_O_n_log_n_plus_diagonal_metric_repayment,False
thin_cambered_airfoil,airfoil_cambered,heat,2048,7,1.3207621015690966e-15,1.3207621015690966e-15,0.004059122214494831,5.113458959385753,1.123041962273419,1.337790978141129,7.574291899800301,2.6738937303889543,1.7754601605702192,circle_solve_shared_across_shapes,conformal_metric_repayment_with_endpoint_repaid_symbol,custom_fft_O_n_log_n_plus_diagonal_metric_repayment,False
thin_cambered_airfoil,airfoil_cambered,poisson,2048,7,1.7903256131788665e-15,1.7903256131788665e-15,0.0032552083333333157,5.066291894763708,1.123041962273419,1.2799589894711971,7.469292846508324,2.6140964473597705,1.7156628775410354,circle_solve_shared_across_shapes,conformal_metric_repayment_with_endpoint_repaid_symbol,custom_fft_O_n_log_n_plus_diagonal_metric_repayment,False
thin_cambered_airfoil,airfoil_cambered,helmholtz,2048,7,2.3959332087566934e-15,2.3959332087566934e-15,0.009470077622541788,5.167790921404958,1.123041962273419,1.264957943931222,7.555790827609599,2.603324527929847,1.7048909581111125,circle_solve_shared_across_shapes,conformal_metric_repayment_with_endpoint_repaid_symbol,custom_fft_O_n_log_n_plus_diagonal_metric_repayment,False
thin_cambered_airfoil,airfoil_cambered,wave,2048,7,2.2552017048351858e-15,2.2552017048351858e-15,0.006003256717903068,5.142082925885916,1.123041962273419,1.3314998941496015,7.596624782308936,2.6687953116682666,1.7703617418495319,circle_solve_shared_across_shapes,conformal_metric_repayment_with_endpoint_repaid_symbol,custom_fft_O_n_log_n_plus_diagonal_metric_repayment,False
gear_star_airfoil_hybrid,multiscale_airfoil_star,laplace_dtn,2048,7,6.312529391772888e-14,6.312529391772888e-14,0.003429691327780606,5.1466659642755985,0.9332089684903622,1.2938339496031404,7.373708882369101,2.4414873332716525,1.6949201584793627,circle_solve_shared_across_shapes,conformal_metric_repayment_with_endpoint_repaid_symbol,custom_fft_O_n_log_n_plus_diagonal_metric_repayment,False
gear_star_airfoil_hybrid,multiscale_airfoil_star,heat,2048,7,1.2456699150141484e-15,1.2456699150141484e-15,0.004059122214494933,5.113458959385753,0.9332089684903622,1.3293330557644367,7.376000983640552,2.4756028142292053,1.7290356394369155,circle_solve_shared_across_shapes,conformal_metric_repayment_with_endpoint_repaid_symbol,custom_fft_O_n_log_n_plus_diagonal_metric_repayment,False
gear_star_airfoil_hybrid,multiscale_airfoil_star,poisson,2048,7,1.7618722229804772e-15,1.7618722229804772e-15,0.0032552083333334853,5.066291894763708,0.9332089684903622,1.2938330182805657,7.293333881534636,2.4381374823860824,1.6915703075937927,circle_solve_shared_across_shapes,conformal_metric_repayment_with_endpoint_repaid_symbol,custom_fft_O_n_log_n_plus_diagonal_metric_repayment,False
gear_star_airfoil_hybrid,multiscale_airfoil_star,helmholtz,2048,7,2.243708780596313e-15,2.243708780596313e-15,0.009470077622541645,5.167790921404958,0.9332089684903622,1.2865409953519702,7.38754088524729,2.4350745855675386,1.6885074107752494,circle_solve_shared_across_shapes,conformal_metric_repayment_with_endpoint_repaid_symbol,custom_fft_O_n_log_n_plus_diagonal_metric_repayment,False
gear_star_airfoil_hybrid,multiscale_airfoil_star,wave,2048,7,2.0693025845081774e-15,2.0693025845081774e-15,0.006003256717903208,5.142082925885916,0.9332089684903622,1.3491669669747353,7.424458861351013,2.4966293907103436,1.7500622159180543,circle_solve_shared_across_shapes,conformal_metric_repayment_with_endpoint_repaid_symbol,custom_fft_O_n_log_n_plus_diagonal_metric_repayment,False
gww_left_smooth_surrogate,gww_pair_surrogate,laplace_dtn,2048,7,7.054433060152338e-14,7.054433060152338e-14,0.003429691327780495,5.1466659642755985,0.9235839825123549,1.2847499456256628,7.354999892413616,2.4227783433161676,1.6839111573062837,circle_solve_shared_across_shapes,conformal_metric_repayment_with_endpoint_repaid_symbol,custom_fft_O_n_log_n_plus_diagonal_metric_repayment,False
gww_left_smooth_surrogate,gww_pair_surrogate,heat,2048,7,1.273305047154955e-15,1.273305047154955e-15,0.004059122214494801,5.113458959385753,0.9235839825123549,1.3431250117719173,7.380167953670025,2.4797697842586786,1.7409025982487947,circle_solve_shared_across_shapes,conformal_metric_repayment_with_endpoint_repaid_symbol,custom_fft_O_n_log_n_plus_diagonal_metric_repayment,False
gww_left_smooth_surrogate,gww_pair_surrogate,poisson,2048,7,1.7356873819162894e-15,1.7356873819162894e-15,0.0032552083333333122,5.066291894763708,0.9235839825123549,1.26866705249995,7.258542929776013,2.4033465306274593,1.6644793446175754,circle_solve_shared_across_shapes,conformal_metric_repayment_with_endpoint_repaid_symbol,custom_fft_O_n_log_n_plus_diagonal_metric_repayment,False
gww_left_smooth_surrogate,gww_pair_surrogate,helmholtz,2048,7,2.2906997359088107e-15,2.2906997359088107e-15,0.009470077622542048,5.167790921404958,0.9235839825123549,1.2609580298885703,7.352332933805883,2.3998666341261314,1.660999448116248,circle_solve_shared_across_shapes,conformal_metric_repayment_with_endpoint_repaid_symbol,custom_fft_O_n_log_n_plus_diagonal_metric_repayment,False
gww_left_smooth_surrogate,gww_pair_surrogate,wave,2048,7,2.2974230679848158e-15,2.2974230679848158e-15,0.006003256717903011,5.142082925885916,0.9235839825123549,1.355833956040442,7.421500864438713,2.493671393798043,1.7548042077881596,circle_solve_shared_across_shapes,conformal_metric_repayment_with_endpoint_repaid_symbol,custom_fft_O_n_log_n_plus_diagonal_metric_repayment,False
gww_right_smooth_surrogate,gww_pair_surrogate,laplace_dtn,2048,7,1.0910085989820098e-13,1.0910085989820098e-13,0.0034296913277808163,5.1466659642755985,0.9293750626966357,1.3010000111535192,7.377041038125753,2.444819489028305,1.7013194388709962,circle_solve_shared_across_shapes,conformal_metric_repayment_with_endpoint_repaid_symbol,custom_fft_O_n_log_n_plus_diagonal_metric_repayment,False
gww_right_smooth_surrogate,gww_pair_surrogate,heat,2048,7,2.2444750355356096e-15,2.2444750355356096e-15,0.00405912221449482,5.113458959385753,0.9293750626966357,1.3455830048769712,7.38841702695936,2.4880188575480133,1.7445188073907048,circle_solve_shared_across_shapes,conformal_metric_repayment_with_endpoint_repaid_symbol,custom_fft_O_n_log_n_plus_diagonal_metric_repayment,False
gww_right_smooth_surrogate,gww_pair_surrogate,poisson,2048,7,2.609523245475905e-15,2.609523245475905e-15,0.003255208333333194,5.066291894763708,0.9293750626966357,1.3296670513227582,7.325334008783102,2.4701376096345484,1.7266375594772398,circle_solve_shared_across_shapes,conformal_metric_repayment_with_endpoint_repaid_symbol,custom_fft_O_n_log_n_plus_diagonal_metric_repayment,False
gww_right_smooth_surrogate,gww_pair_surrogate,helmholtz,2048,7,3.741513334307732e-15,3.741513334307732e-15,0.009470077622542076,5.167790921404958,0.9293750626966357,1.2788750464096665,7.37604103051126,2.4235747308315085,1.6800746806742004,circle_solve_shared_across_shapes,conformal_metric_repayment_with_endpoint_repaid_symbol,custom_fft_O_n_log_n_plus_diagonal_metric_repayment,False
gww_right_smooth_surrogate,gww_pair_surrogate,wave,2048,7,3.5244420609753758e-15,3.5244420609753758e-15,0.006003256717902999,5.142082925885916,0.9293750626966357,1.361957984045148,7.433415972627699,2.50558650198703,1.7620864518297217,circle_solve_shared_across_shapes,conformal_metric_repayment_with_endpoint_repaid_symbol,custom_fft_O_n_log_n_plus_diagonal_metric_repayment,False
asymmetric_boomerang,deep_nonconvex_smooth,laplace_dtn,2048,7,7.330420194391725e-14,7.330420194391725e-14,0.003429691327780513,5.1466659642755985,0.9440840221941471,1.293417066335678,7.384167052805424,2.451945503707975,1.6966782859526575,circle_solve_shared_across_shapes,conformal_metric_repayment_with_endpoint_repaid_symbol,custom_fft_O_n_log_n_plus_diagonal_metric_repayment,False
asymmetric_boomerang,deep_nonconvex_smooth,heat,2048,7,1.255086654387631e-15,1.255086654387631e-15,0.004059122214494797,5.113458959385753,0.9440840221941471,1.3217499945312738,7.379292976111174,2.4788948066998273,1.7236275889445096,circle_solve_shared_across_shapes,conformal_metric_repayment_with_endpoint_repaid_symbol,custom_fft_O_n_log_n_plus_diagonal_metric_repayment,False
asymmetric_boomerang,deep_nonconvex_smooth,poisson,2048,7,1.7272525178056851e-15,1.7272525178056851e-15,0.0032552083333332376,5.066291894763708,0.9440840221941471,1.2861250434070826,7.296500960364938,2.441304561216384,1.6860373434610665,circle_solve_shared_across_shapes,conformal_metric_repayment_with_endpoint_repaid_symbol,custom_fft_O_n_log_n_plus_diagonal_metric_repayment,False
asymmetric_boomerang,deep_nonconvex_smooth,helmholtz,2048,7,2.3273936330541396e-15,2.3273936330541396e-15,0.009470077622542344,5.167790921404958,0.9440840221941471,1.2759160017594695,7.387790945358574,2.435324645678823,1.6800574279235057,circle_solve_shared_across_shapes,conformal_metric_repayment_with_endpoint_repaid_symbol,custom_fft_O_n_log_n_plus_diagonal_metric_repayment,False
asymmetric_boomerang,deep_nonconvex_smooth,wave,2048,7,2.4349480723839146e-15,2.4349480723839146e-15,0.006003256717903014,5.142082925885916,0.9440840221941471,1.3620000099763274,7.44816695805639,2.5203374874157207,1.7650702696604035,circle_solve_shared_across_shapes,conformal_metric_repayment_with_endpoint_repaid_symbol,custom_fft_O_n_log_n_plus_diagonal_metric_repayment,False
multi_notch_rounded_polygon,multi_corner_surrogate,laplace_dtn,2048,7,5.927063288650574e-14,5.927063288650574e-14,0.003429691327780031,5.1466659642755985,0.9320410899817944,1.273707952350378,7.352415006607771,2.4201934575103223,1.6745605855248868,circle_solve_shared_across_shapes,conformal_metric_repayment_with_endpoint_repaid_symbol,custom_fft_O_n_log_n_plus_diagonal_metric_repayment,False
multi_notch_rounded_polygon,multi_corner_surrogate,heat,2048,7,1.1858896878153752e-15,1.1858896878153752e-15,0.004059122214494727,5.113458959385753,0.9320410899817944,1.3404169585555792,7.385917007923126,2.48551883851178,1.7398859665263444,circle_solve_shared_across_shapes,conformal_metric_repayment_with_endpoint_repaid_symbol,custom_fft_O_n_log_n_plus_diagonal_metric_repayment,False
multi_notch_rounded_polygon,multi_corner_surrogate,poisson,2048,7,1.502885197478763e-15,1.502885197478763e-15,0.0032552083333336956,5.066291894763708,0.9320410899817944,1.3172079343348742,7.315540919080377,2.460344519931823,1.7147116479463875,circle_solve_shared_across_shapes,conformal_metric_repayment_with_endpoint_repaid_symbol,custom_fft_O_n_log_n_plus_diagonal_metric_repayment,False
multi_notch_rounded_polygon,multi_corner_surrogate,helmholtz,2048,7,1.8186780609250145e-15,1.8186780609250145e-15,0.009470077622541742,5.167790921404958,0.9320410899817944,1.2680420186370611,7.367874030023813,2.4154077303440618,1.6697748583586267,circle_solve_shared_across_shapes,conformal_metric_repayment_with_endpoint_repaid_symbol,custom_fft_O_n_log_n_plus_diagonal_metric_repayment,False
multi_notch_rounded_polygon,multi_corner_surrogate,wave,2048,7,1.970050894514964e-15,1.970050894514964e-15,0.006003256717903016,5.142082925885916,0.9320410899817944,1.3366660568863153,7.4107900727540255,2.482960602113356,1.7373277301279209,circle_solve_shared_across_shapes,conformal_metric_repayment_with_endpoint_repaid_symbol,custom_fft_O_n_log_n_plus_diagonal_metric_repayment,False
